classification,avg_pnl,median_pnl,win_rate,avg_trade_size,trade_frequency
Extreme Fear,34.53786207897196,0.0,37.0607476635514,5349.7318429906545,21400
Fear,54.2903996254993,0.0,42.07675016575836,7816.109930785776,61837
Neutral,34.30771839807886,0.0,39.69909250119408,4782.732661465797,37686
Greed,42.74355948851957,0.0,38.48279426674354,5736.884375086974,50303
Extreme Greed,67.89286133909282,0.0,46.49429885977195,3112.2515645629123,39992
